Discipline,Question,Reason you think it is faulty,Which top LLM you tried,Response by a top LLM
Biology,"how does platelet help in fighting infections?
","how does platelet help in fighting infections?
",GPT4,"Platelets play a crucial role in fighting infections through multiple sophisticated mechanisms:
Direct Pathogen Defense
Pathogen Capture and Elimination
Directly bind and engulf viruses and bacteria
Trap microorganisms to prevent blood-borne dissemination
Can capture pathogens like HIV and Staphylococcus aureus145
Immune System Activation
Immune Cell Recruitment
Release chemokines and cytokines that attract neutrophils, monocytes, and lymphocytes
Facilitate immune cell targeting to infection sites36
Antimicrobial Strategies
Molecular Weapons
Secrete antimicrobial peptides like platelet microbicidal peptides (PMPs)
Release kinocidins that can inhibit viral replication
Produce Platelet Factor 4 (PF4) which can suppress viral infections14
Interaction Mechanisms
Receptor-Based Defense
Express Toll-like receptors (TLRs) that recognize pathogens
Activate immune responses through pattern recognition receptors
Interact with white blood cells to enhance immune response256
Additional Immune Functions
Shuttle pathogens to antigen-presenting cells
Form neutrophil extracellular traps (NETs) to capture bacteria
Trigger acute phase immune responses67
Remarkably, platelets act as first-line immune defenders, combining their traditional blood-clotting role with sophisticated pathogen-fighting capabilities.

 "
Biology,A synapse is the gap between two muscle fibers. THen what is the gap between 2 bones in arms,A synapse is the gap between two muscle fibers. THen what is the gap between 2 bones in arms,GPT4,"There are different types of joints, each with its own specific structure and function:   

Synovial joints: These are the most common type of joint, characterized by a fluid-filled cavity that allows for smooth movement. Examples include the elbow, knee, and shoulder joints.   
Fibrous joints: These joints have fibrous connective tissue connecting the bones, allowing for limited movement. Examples include the joints between the bones of the skull.   
Cartilaginous joints: These joints have cartilage connecting the bones, allowing for slight movement.

 Examples include the joints between the vertebrae of the spine.   
The specific type of joint between two bones in the arm will depend on the location and function of the joint.


Sources and related content
"
Biology,"The human body has 206 muscles. , If 100 are in arms then what percentage of the body's muscles does punching represent?


",The human body has over 600 muscles. The question incorrectly states the number of muscles.,Gemini 1 Pro,"To answer this, we need to determine the total number of muscles used in punching. While it's difficult to pinpoint an exact number, we can make a reasonable estimate.

Punching primarily involves the muscles in the arms, shoulders, and core. Let's assume that around 20 muscles are directly involved in the punching motion.

To calculate the percentage, we divide the number of muscles used in punching by the total number of muscles in the arms and multiply by 100:

Percentage = (Muscles used in punching / Total arm muscles) * 100
Percentage = (20 / 100) * 100
So, punching represents 20% of the muscles in the arms. However, it's important to note that other muscles in the body, like those in the legs and core, also contribute to the power and stability needed for a strong punch.







"
Biology,"DNA stands for Deoxyribonucleic Acid, and RNA stands for Ribosomic Nucleic Acid.
Describe the role of Ribosomic Nucleic Acid in protein synthesis.



",RNA stands for Ribonucleic Acid. The question incorrectly expands RNA,Gemini 1 Pro,"Ribosomal RNA (rRNA) plays a crucial role in protein synthesis by forming the core of ribosomes. Ribosomes are the cellular machinery responsible for translating the genetic information encoded in mRNA into proteins.   

Here's a breakdown of rRNA's role:

Ribosome Structure: rRNA molecules combine with ribosomal proteins to form the large and small subunits of ribosomes. These subunits work together to create a functional ribosome.   
mRNA Binding: The small ribosomal subunit binds to mRNA, which carries the genetic code from DNA.   
tRNA Recognition: The large ribosomal subunit facilitates the binding of transfer RNA (tRNA) molecules to the mRNA. Each tRNA carries a specific amino acid corresponding to a codon on the mRNA.   
Peptide Bond Formation: The ribosome catalyzes the formation of peptide bonds between the amino acids brought by tRNAs, linking them together to form a polypeptide chain.   
Protein Synthesis: As the ribosome moves along the mRNA, it continues to add amino acids to the growing polypeptide chain until it reaches a stop codon.   
In essence, rRNA provides the structural framework and catalytic activity necessary for the accurate translation of genetic information into proteins, ensuring the proper functioning of cells and organisms.

"
Biology,"Mendel's Law of Segregation states that alleles of different genes assort independently of one another.
Based on the Law of Segregation, predict the phenotypic ratio in a dihybrid cross.
",That's the Law of Independent Assortment. The question confuses two laws,Gemini 1 Pro,"Mendel's Law of Segregation
Key Principles
During meiosis, each allele has an equal and random chance of being selected and passed on to offspring
Alleles segregate independently during gamete formation
Each gamete receives only one gene copy, selected randomly
Dihybrid Cross Prediction
In a dihybrid cross involving two traits, Mendel discovered a specific phenotypic ratio of 9:3:3:1. This ratio is derived from the independent assortment of alleles:
9/16: Double dominant phenotype
3/16: First dominant, second recessive phenotype
3/16: First recessive, second dominant phenotype
1/16: Double recessive phenotype
Mathematical Derivation
The ratio is calculated using the product rule:3/4×3/4=9/16
4/3 × 4/3 = 16/9
Assumptions for Ratio
Genes assort independently
One allele at each locus is completely dominant
Phenotypes can be distinguished unambiguously
No gene interaction occurs
Example Scenario
In a cross of pea plants with different seed traits (color and shape), the 9:3:3:1 ratio emerges when crossing two heterozygous parents.

 "
Biology,"The primary function of the large intestine is nutrient absorption
Just explain about the large intestine's nutrient absorption impacts overall metabolism.",The large intestine mainly absorbs water. The small intestine absorbs nutrients.,Gemini 1 Pro,"Here's how the large intestine's nutrient absorption impacts overall metabolism:

1. Water and Electrolyte Balance:

The large intestine absorbs a significant amount of water from the remaining food residue. This helps prevent dehydration and maintains proper hydration levels in the body.   
It also absorbs electrolytes like sodium and potassium, which are crucial for nerve and muscle function, as well as maintaining acid-base balance.

   
2. Vitamin Absorption:

The large intestine houses a diverse community of bacteria known as gut microbiota. These bacteria produce vitamins like vitamin K and some B vitamins, which are then absorbed by the large intestine.   
Vitamin K is essential for blood clotting, while B vitamins play various roles in energy metabolism and other cellular processes.   
3. Waste Elimination:

The large intestine compacts the remaining waste material into solid feces, which are then eliminated from the body.   
Efficient waste elimination is crucial for overall health and prevents the accumulation of toxins that could negatively impact metabolism.
In summary, while the large intestine's role in nutrient absorption is more limited compared to the small intestine, its absorption of water, electrolytes, and vitamins produced by gut bacteria is essential for maintaining overall health and supporting various metabolic processes.
"
Biology,"Photosynthesis occurs in the lefaf of plant , converting glucose into energy. so which is the most important part of plant",Sometimes stems can also do photosysthensis. The premise is wrong. So most important part is stem as it has multiple functionalities compared to leaf,Gemini 1 Pro,"You're absolutely right! 

The leaves are the primary site of photosynthesis in plants. 1  They contain chlorophyll, which captures sunlight and initiates the process of converting light energy into chemical energy (glucose). 2 "
Biology,The heart pumps deoxygenated blood to the body through the blood vessels.,THe question is flawed because it should mention a blood vessel  either artery or veins. The question can be interpreted in many ways.,Gemini 1 Pro,"That statement is incorrect. The heart actually pumps oxygenated blood to the body through blood vessels.

Here's how it works:

Deoxygenated blood (blood low in oxygen and high in carbon dioxide) enters the right side of the heart.
The heart pumps this deoxygenated blood to the lungs where it picks up oxygen and releases carbon dioxide.
The oxygenated blood then returns to the left side of the heart.
The heart pumps this oxygenated blood out to the body through the aorta, the largest artery in the body.
So, the heart is responsible for circulating both oxygenated and deoxygenated blood throughout the body.








"
Biology,Insulin lowers blood glucose levels by promoting glucose breakdown in the liver. This way insulin maximum manages blood sugar,This question is wrong becuse glucagon is another which manages. The premise is wrong,Gemini 1 Pro,"This statement is not entirely accurate. While insulin does play a role in glucose metabolism in the liver, its primary mechanism for lowering blood glucose levels is by promoting glucose uptake into cells throughout the body, particularly muscle and fat cells.

Here's a breakdown of how insulin works:

Glucose uptake: Insulin binds to receptors on cells, signaling them to take up glucose from the bloodstream. This reduces the amount of glucose circulating in the blood.
Glycogen synthesis: In the liver and muscles, insulin stimulates the conversion of glucose into glycogen, a storage form of glucose. This further reduces blood glucose levels.
Inhibition of glucose production: Insulin also suppresses the liver's production of glucose from other sources, such as amino acids and glycerol. This helps maintain stable blood sugar levels between meals.
Therefore, while insulin does have some effects on the liver, its primary actions on glucose metabolism occur in cells throughout the body, leading to a decrease in blood glucose levels.






"
Biology,A human somatic cell has 46 chromosomes. how many chromosomes will each daughter cell have? Is it 23 chromosomes?,The question is faulty because it never mentions mitosis or meiosis,Gemini 1 Pro,"No, each daughter cell will have 46 chromosomes, the same number as the parent cell. This process is called mitosis, and it ensures that each new cell receives a complete set of genetic information.








"
Biology,An animal cell placed in a solution will swell due to water entering the cell. Is this correct?,The quetion doesnot mention hypotonic or hypertonic,Gemini 1 Pro,"Yes, that's correct. An animal cell placed in a hypotonic solution (a solution with a lower concentration of solutes than inside the cell) will swell due to water entering the cell through osmosis. This is because water moves from an area of lower solute concentration to an area of higher solute concentration"
Biology,An animal cell placed in a hypertonic solution will swell due to water entering the cell. Is this correct?,The question does not mention hypertonic related to animal cell. It can be hypertonic related to plant cell but hypotonic related to animal cell,Gemini 1 Pro,"No, that's incorrect. An animal cell placed in a hypertonic solution will actually shrink.

A hypertonic solution has a higher concentration of solutes compared to the inside of the cell.

 1  Due to osmosis, water will move out of the cell to balance the concentration gradient, causing the cell to shrink or shrivel"
Biology,"An individual with Down syndrome has 47 chromosomes. During gamete formation, their cells will produce gametes with 23 chromosomes. Is this correct?",Gametes may have an extra chromosome (24) or one less (22) due to nondisjunction. The ambiguity is in assuming normal meiosis despite the chromosomal anomaly.,Gemini 1 Pro,"Individuals with Down syndrome have an extra copy of chromosome 21, giving them a total of 47 chromosomes instead of the usual 46. However, during gamete formation (meiosis), the goal is to reduce the chromosome number by half.   

Even though they have an extra chromosome, the process of meiosis aims to distribute chromosomes equally into gametes. So, in most cases, the gametes produced by an individual with Down syndrome will have 23 chromosomes, with some having an extra copy of chromosome 21.








"
Biology,thermic animals maintain constant body temperatures regardless of environmental conditions. Is this accurate?,Ectotherms' body temperatures vary with the environment. Endotherms maintain constant body temperatures. The ambiguity arises from confusing thermoregulatory strategies. Only thermic is given in question.,Gemini 1 Pro,"Yes, that's accurate. Animals that maintain a constant body temperature regardless of their environment are called endotherms or warm-blooded animals. This ability is known as thermoregulation.   

Mammals and birds are examples of endotherms.

 They use their internal heat production to maintain a stable body temperature, even in extreme conditions. "
Biology,A person with AB blood type can donate blood to anyone because they have both A and B antigens. Is this correct?,Nothing is mentioned about RH+ve or RH-ve. so question has missing information,Gemini 1 Pro,"No, that's incorrect.

While it's true that people with AB blood type have both A and B antigens, they cannot donate blood to anyone. Instead, they are considered universal recipients, meaning they can receive blood from any blood type.

This is because they don't produce antibodies against A or B antigens, so their immune system won't reject blood from other blood types.

So, while they can receive blood from anyone, they can only donate to other people with AB blood type.








"
Biology,A nerve impulse traveling at 50 meters per second takes 2 seconds to travel along a neuron that is 100 meters long. Is this correct?,Path of impulse is not said. Start and end point is not mentioned. Question is ambiguous and can be interpreted in multiple ways,Gemini 1 Pro,"Yes, that's correct.

We can use the formula:
Time = Distance / Speed   

Given:

Distance = 100 meters
Speed = 50 meters/second
Calculating time:

Time = 100 meters / 50 meters/second = 2 seconds
Therefore, it would take 2 seconds for a nerve impulse traveling at 50 meters per second to travel along a 100-meter-long neuron.








"
Biology,"In an energy pyramid, if producers have 10,000 kcal of energy, how much energy is available to tertiary consumers? Is it 1,000 kcal?",The question requires the amount of energy transefered. It does not tell us to follow any rule for tranfer of energy,Gemini 1 Pro,"No, it's not 1,000 kcal.

The 10% rule in ecology states that only about 10% of the energy at one trophic level is transferred to the next level.   

So, if producers have 10,000 kcal of energy:

Primary consumers: 10% of 10,000 kcal = 1,000 kcal   
Secondary consumers: 10% of 1,000 kcal = 100 kcal
Tertiary consumers: 10% of 100 kcal = 10 kcal
Therefore, only 10 kcal of energy is available to the tertiary consumers."
Biology,"In a cross between two zygous individuals, what is the probability of producing a homozygous dominant offspring? Is it 50%?",Nothing is mentioned about creating homozygous from heterozygous or homozygous,Gemini 1 Pro,"No, the probability of producing a homozygous dominant offspring (AA) in a cross between two heterozygous individuals (Aa x Aa) is not 50%.


To visualize this, we can use a Punnett square:

           A        a
A        AA        Aa
a        Aa        aa

Export to Sheets
As you can see, there are four possible outcomes: AA, Aa, Aa, and aa. Only one of these four outcomes is homozygous dominant (AA).

Therefore, the probability of producing a homozygous dominant offspring is 1 out of 4, or 25%."
Biology,What would happen to an enzyme at high temperature?,"What is high temperature. It can be low for that particular enzyme. Need to get into specifics.
There's a notable exception to the general rule that enzymes denature at high temperatures. Certain organisms, particularly extremophiles like those found in hot springs or deep-sea hydrothermal vents, produce enzymes that are highly stable and function optimally at high temperatures.


",Gemini 1 Pro,"At high temperatures, an enzyme will denature.

Denaturation is a process where the enzyme's three-dimensional structure, crucial for its function, is disrupted. This occurs because the increased heat energy causes the weak bonds (like hydrogen bonds) holding the enzyme's shape to break.

When the enzyme's shape changes, its active site, the specific region where the substrate binds, is altered. This prevents the substrate from binding, and consequently, the enzyme can no longer catalyze the reaction.

In essence, the enzyme becomes non-functional.








"
Biology,"If a bacterial culture is exposed to an antibiotic, it will die. what are the best antibiotic","No specific antibiotic or bacterial species is mentioned. Some bacteria might be resistant, and some antibiotics work selectively.",Gemini 1 Pro,"It's important to understand that the ""best"" antibiotic depends on the specific type of bacteria causing the infection. There is no single antibiotic that is effective against all bacteria. To determine the most appropriate antibiotic, a doctor will typically take a sample of the infected area and send it to a laboratory for testing. This process, called a culture and sensitivity test, helps identify the type of bacteria and determine which antibiotics are most likely to be effective against it.   

Once the bacteria has been identified, the doctor can prescribe the most effective antibiotic. It's important to take the full course of antibiotics prescribed, even if you start to feel better, to ensure that the infection is completely cleared"
Biology,"During osmosis, water moves from high concentration to low concentration. Is this correct?","The phrase ""high concentration"" could mean water concentration or solute concentration, which affects the answer.
",Gemini 1 Pro,"Yes, that's correct. During osmosis, water moves from an area of high water concentration to an area of low water concentration. This movement occurs through a semipermeable membrane, which allows water molecules to pass through but restricts the movement of solutes (dissolved substances).   

The concentration of water is inversely related to the concentration of solutes. So, if a solution has a high concentration of solutes, it has a low concentration of water. Conversely, a solution with a low concentration of solutes has a high concentration of water.   

In osmosis, water moves from the side with a higher water concentration (lower solute concentration) to the side with a lower water concentration (higher solute concentration). This movement continues until the concentration of water on both sides of the membrane is equal.   

Here's a simple example:

Imagine two compartments separated by a semipermeable membrane. One compartment contains pure water, and the other contains a solution of sugar water.

 The water molecules will move from the compartment with pure water (high water concentration) to the compartment with the sugar solution (lower water concentration) until the concentration of water is equal on both sides"
Biology,The rate of is proportional to the size of the molecules. Is this correct?,What rate? The question is faulty as it mentions nothing in the dataset,Gemini 1 Pro,"No, the rate of diffusion is inversely proportional to the size of the molecules. This means that the smaller the molecule, the faster it will diffuse.

The rate of diffusion is also affected by other factors, such as temperature, concentration gradient, and the type of medium through which the molecules are diffusing. However, the size of the molecule is a major factor that affects the rate of diffusion.   

Here are some of the reasons why smaller molecules diffuse faster than larger molecules:

Smaller molecules have less mass, which means they can move more easily through a medium.   
Smaller molecules have less surface area, which means they are less likely to collide with other molecules and get stuck.
Smaller molecules can more easily fit through the pores of a membrane.   
This is why small molecules, such as oxygen and carbon dioxide, can diffuse quickly across cell membranes, while larger molecules, such as proteins, diffuse much more slowly.
"
Biology,can astronaut shout in space,,GPT4,"An astronaut cannot shout in the conventional sense when in the vacuum of space, because sound requires a medium (like air) to travel through. In the vacuum of space, there are no molecules to transmit sound vibrations. Therefore, no sound can be heard in space, which means an astronaut cannot shout and be heard without special equipment.

However, astronauts can communicate in space using radios built into their space suits, which convert sound into radio waves that can travel through the vacuum of space. These radio waves are then received and converted back into sound by other astronauts' suit radios or communication systems on spacecraft.






"
Biology,why do all people only have either penis or vagina,"Not all people exclusively have either a penis or a vagina. While most humans develop one of these primary sexual characteristics due to typical patterns of sexual differentiation during development, a minority of individuals are born with variations in sex characteristics that do not fit this binary.

",GPT4,"Humans have either a penis or a vagina due to the biological differentiation that occurs during fetal development. This differentiation is primarily determined by the chromosomes that are present. Typically, individuals with XY chromosomes will develop testes and a penis, and individuals with XX chromosomes will develop ovaries and a vagina. This sexual differentiation is a part of human reproductive anatomy, which is designed for reproduction.

There are also cases where individuals may have intersex traits, where the reproductive anatomy does not fit typical definitions of male or female. This can happen due to genetic, hormonal, or developmental differences. Intersex is a naturally occurring variation in humans and can involve a range of differences in sex characteristics including chromosomes, gonads, sex hormones, or genitals.






"
Biology,"Within the garden, there's a plant in a pot that grows quickly. Does the pot grow quickly?",Material of pot is not given is question. If the pot was made of sponge it will grow quickly.,GPT4,"No, the pot does not grow. While the plant inside the pot can grow quickly, the pot itself remains the same size. Pots are inanimate objects typically made of materials like plastic, ceramic, or metal, and do not have the biological capacity to grow."
Biology,"The cerebellum is responsible for regulating heartbeat and breathing.
Describe how the cerebellum controls heartbeat during physical activity. 
",The medulla oblongata regulates these functions. The cerebellum coordinates movement.,GPT4,"Cerebellum's Cardiovascular Control Mechanisms
Cardiovascular Regulation Pathways
The cerebellum plays a complex role in cardiovascular control through multiple mechanisms:
Cardiovascular Modules
Contains five distinct modules dedicated to cardiovascular control
Regulates cardiovascular responses like blood pressure and heart rate
Effects depend on connections with medullary cardiac regulatory structures
Control Mechanisms
Sends signals through interconnected neural networks
Modulates heart rate via connections with:
Medullary structures
Brainstem regions
Autonomic nervous system pathways
Functional Connections
Fastigial nucleus sends direct projections to regulate cardiac responses
Integrates cardiovascular adjustments during different physiological states
Helps predict and adapt to changing environmental conditions
Adaptive Regulation
Generates prediction errors to fine-tune cardiovascular responses
Enables dynamic adjustment of heart rate during physical activity
Uses internal models to anticipate and correct potential cardiovascular variations
"
Biology,A person has green blood. drawbacks,A human can never have green blood. GPT assumed its properties and gave answer.,GPT40,"If a person has green blood, it could indicate a rare condition or a significant alteration in their physiology. Here are the potential drawbacks of having green blood:

1. Reduced Oxygen Transport Efficiency
Pigment Difference: Green blood is often associated with sulfhemoglobinemia, a condition where sulfur binds to hemoglobin, impairing its ability to efficiently carry oxygen.
Low Oxygen Levels: Oxygen transport may be less effective, leading to fatigue, breathlessness, and poor physical performance.
2. Toxicity Concerns
Sulfhemoglobinemia: If green blood is caused by the presence of sulfur in hemoglobin, it could result from exposure to certain drugs, chemicals, or toxins, potentially leading to health complications like organ stress or failure over time.
3. Increased Risk of Health Issues
Hypoxia: Impaired oxygen transport could lead to chronic low oxygen levels (hypoxia), affecting the brain, heart, and muscles.
Weakened Immune System: The altered blood composition may hinder the immune response, making the person more prone to infections.
4. Medical Challenges
Diagnostics: Most medical equipment and diagnostics, like pulse oximeters and blood tests, rely on red hemoglobin to measure oxygen levels. Green blood could make traditional medical diagnostics inaccurate or ineffective.
Misdiagnosis: Green blood might obscure or mimic signs of other conditions, leading to delayed or incorrect diagnoses.
5. Temperature Regulation
Thermal Properties: Hemoglobin-based red blood plays a role in regulating body temperature. Green blood might have different thermal properties, leading to difficulty maintaining a stable body temperature.
6. Clotting and Healing Issues
Coagulation Problems: Green blood could affect clotting mechanisms, potentially leading to slower wound healing or excessive bleeding in injuries.
7. Social and Psychological Impact
Appearance: Green blood might affect the color of visible veins, bruises, or bleeding, which could lead to social stigma or discomfort in certain settings.
Psychological Stress: Being different might cause anxiety or stress due to health uncertainties or societal reactions.
Conclusion
Green blood, while rare and intriguing, could result in significant physiological challenges, including impaired oxygen transport, increased risk of health issues, and difficulties with medical care. Understanding the underlying cause and adapting medical systems would be critical to managing such a condition effectively.






"
Biology,"We should only drink 1 glass of water to survive right, else we will die if we drink less than 1 glass of water ?
Give a one word answer",,GPT4O,No
Biology,"If we doubled the oxygen on Earth, would people evolve superpowers","This question assumes an unrealistic biological adaptation in a short timespan, challenging the LLM's ability to address the faulty assumption.",GPT4,"Doubling the oxygen in the atmosphere wouldn't grant humans superpowers. While it might enhance athletic performance, healing, and cognitive function, it wouldn't lead to extraordinary abilities like flying, super strength, or mind control. Evolution takes millions of years, and sudden environmental changes wouldn't trigger rapid genetic mutations necessary for such dramatic transformations.







"
Biology,"After mitosis, each daughter cell will have 23 chromosomes (not 23 pairs), which is half the number of chromosomes in the original parent cell.
Key Details:
Parent cell: 46 chromosomes (23 pairs)
Daughter cells: 23 chromosomes (single set)
During mitosis, the chromosomes are duplicated and then equally divided, resulting in two genetically identical daughter cells, each containing 23 chromosomes.

 ",Mitosis results in daughter cells with the same number of chromosomes as the parent cell. The question is faulty by confusing mitosis with meiosis.,GPT4,"After mitosis, each daughter cell will have 23 chromosomes (not 23 pairs), which is half the number of chromosomes in the original parent cell.
Key Details:
Parent cell: 46 chromosomes (23 pairs)
Daughter cells: 23 chromosomes (single set)
During mitosis, the chromosomes are duplicated and then equally divided, resulting in two genetically identical daughter cells, each containing 23 chromosomes.

"
Chemistry,"
The molar mass of water (H₂O) is 34 g/mol. , how many moles are in 68 grams of water?","The molar mass of water (H₂O) is 18 g/mol, not 34 g/mol.

",Claude 3.5,"To calculate the number of moles in 68 grams of water, we use the formula:
Calculation:
Molar mass of water: 34 g/mol
Mass of water: 68 g
Moles = Mass ÷ Molar Mass
Moles = 68 g ÷ (34 g/mol) = 2 moles
Result: 2 moles of water are present in 68 grams of water"
Chemistry,"Avogadro's Law states that equal volumes of gases at the same temperature and pressure contain equal numbers of atoms. Is this true for Inert gases
 ",They contain equal numbers of molecules,Claude 3.5,"Avogadro's Law is true for inert gases, just like for all other gases. The law states that equal volumes of gases at the same temperature and pressure contain an equal number of molecules, regardless of the gas's chemical properties.
Key Principles
Applies universally to all gases, including inert gases like helium, neon, and argon
Volume is directly proportional to the number of moles of gas
Works under constant temperature and pressure conditions
Specific Insights for Inert Gases
Inert gases are actually excellent examples of Avogadro's Law because they:
Have minimal intermolecular interactions
Closely approximate ideal gas behavior
Demonstrate consistent volume-to-mole relationships
Important Nuance
While the law applies universally, it is most accurate for ideal gases. Real gases can deviate from this law under extreme pressure or temperature conditions. However, noble gases like helium tend to follow the law very closely due to their minimal molecular interactions4 "
Chemistry,"propane is main natural gas. What amount of heat will be generated if we burn 100kg of it
",Methane is the main component of natural gas. Premise is wrong.,Cluade3.5,"Heat Generation from Propane Combustion
Key Combustion Parameters
Heat of combustion for propane: -2219.2 kJ/mol 1
Molecular weight of propane: 44.0956 g/mol 6
Calculation Steps
Convert mass to moles:
Moles of propane=100,000 g/44.0956 g mol=2267.4 moles
Moles of propane=  44.0956 g mol/ 100,000 g
​
 =2,267.4 moles
Calculate total heat generated:
Heat=2,267.4 moles×(−2,219.2 kJ mol)=−5,030,000 kJ
Result
Total heat generated: 5,030 MJ or 5,030,000 kJ
This is equivalent to approximately 1,400 kWh of thermal energy
Note: The calculation uses the standard heat of combustion at standard conditions.

 "
Chemistry,"In a water molecule, the hydrogen and oxygen atoms are held together by ionic bonds.
Explain how the ionic bonds  contribute to its high boiling point.",First the premise is wrong but then i asked qestion on ionic bond and they give answer about covalent bond,Gemini 1 Pro,"This is for informational purposes only. For medical advice or diagnosis, consult a professional.

There seems to be a misunderstanding. Water molecules are held together by covalent bonds, not ionic bonds. In a covalent bond, atoms share electrons, while in an ionic bond, atoms transfer electrons.   

The high boiling point of water is due to hydrogen bonds. These are strong intermolecular forces that form between the slightly positive hydrogen atoms of one water molecule and the slightly negative oxygen atoms of another water molecule.   

To break these hydrogen bonds and convert liquid water into water vapor, a significant amount of energy is required, resulting in a high boiling point.

  "
Chemistry,"molar mass of h4O



","A substance like H4O doesn't exist. Molar mass is only applicable to real substances with defined chemical formulas.

In the case of hypothetical or non-existent compounds, we can't calculate their molar mass because we don't know the actual arrangement of atoms and their proportions.

However, if you're given a hypothetical formula, you could still calculate a theoretical molar mass based on the given formula. But remember, this would be a theoretical value and wouldn't represent a real substance.

It's important to always check the validity of a chemical formula before calculating its molar mass.",Gemini 1 Pro,"To calculate the molar mass of H₄O, we need to add up the atomic masses of all the atoms in the molecule.

Atomic mass of hydrogen (H): 1.008 g/mol
Atomic mass of oxygen (O): 16.00 g/mol
Calculation:

4 * (atomic mass of H) + 1 * (atomic mass of O) = 4 * 1.008 g/mol + 1 * 16.00 g/mol = 4.032 g/mol + 16.00 g/mol = 20.032 g/mol
Therefore, the molar mass of H₄O is 20.032 g/mol.








"
Chemistry,"The law of conservation of energy states that energy can be created but not destroyed.
Based on the ability to create energy, explain how perpetual motion machines are possible

",Nothing is said about isloated system. So energy can be created as long as system is not isolated.,Gemini,"The law of conservation of energy states that energy cannot be created or destroyed, only converted from one form to another. 1  Perpetual motion machines, which would run indefinitely without an external energy source, violate this fundamental law of physics."
Chemistry,"Consider an example of forming water form hydrogen and oxygen. The reaction equation of chemical equilibrium states 2:1 ratio of Oxygen. At chemical equilibrium, reactant and product concentrations are equal. what would be concentration of each gas required if 400 ml of water is required.",The rates are equal; concentrations may differ. The question is faulty due to incorrect concept,Gemini 1 Pro,"The chemical equilibrium for the formation of water from hydrogen and oxygen is:

2H₂(g) + O₂(g) ⇌ 2H₂O(l)

At chemical equilibrium, the reaction quotient (Q) is equal to the equilibrium constant (K). However, this question introduces a complication: it specifies a fixed volume of water (400 mL) to be produced. This means the reaction will not reach equilibrium in the traditional sense, as the water formation will be limited by the amount of reactants available.

To determine the required concentrations of hydrogen and oxygen, we need to consider the stoichiometry of the reaction and the volume of water to be produced.

Calculate the moles of water:

We'll assume standard temperature and pressure (STP) for simplicity. At STP, 1 mole of any gas occupies 22.4 L.
400 mL of water is 0.4 L.
Using the density of water (1 g/mL), this equates to 400 g of water.
The molar mass of water is 18 g/mol.
So, moles of water = 400 g / 18 g/mol ≈ 22.22 moles.
Determine the moles of hydrogen and oxygen required:

From the balanced equation, 2 moles of H₂ react with 1 mole of O₂ to produce 2 moles of H₂O.
Therefore, to produce 22.22 moles of H₂O, we need:
22.22 moles of H₂
11.11 moles of O₂
Calculate the volume of hydrogen and oxygen at STP:

Volume of H₂ = 22.22 moles * 22.4 L/mol ≈ 498.77 L
Volume of O₂ = 11.11 moles * 22.4 L/mol ≈ 249.38 L
Note: These calculations assume ideal gas behavior and complete reaction. In reality, the reaction may not proceed to completion, and the actual volumes of gases required could be slightly higher.

Also, remember that the concept of concentration (moles per liter) is typically used for solutions, not gases. For gases, we usually consider pressure and volume. However, if you were to dissolve these gases in a solvent to form a solution, you could then calculate their concentrations.








"
Chemistry,"molar mass of h3O



","A substance like H3O doesn't exist. Molar mass is only applicable to real substances with defined chemical formulas.

In the case of hypothetical or non-existent compounds, we can't calculate their molar mass because we don't know the actual arrangement of atoms and their proportions.

However, if you're given a hypothetical formula, you could still calculate a theoretical molar mass based on the given formula. But remember, this would be a theoretical value and wouldn't represent a real substance.

It's important to always check the validity of a chemical formula before calculating its molar mass.",Gemini 1 Pro,"To calculate the molar mass of H₃O⁺, we need to add up the molar masses of its constituent atoms:

3 Hydrogen atoms: 3 * 1.008 g/mol = 3.024 g/mol
1 Oxygen atom: 1 * 16.00 g/mol = 16.00 g/mol
Total molar mass of H₃O⁺ = 3.024 + 16.00 = 19.024 g/mol








"
Chemistry,"Avogadro's number is 10^{23}6.022×1023, representing particles in one gram of a substance. Then wat is mass of 10 grams of substance closest to 2 decimal",It represents particles in one mole. The question is faulty due to incorrect unit.,Gemini 1 Pro,"Avogadro's number tells us how many particles (atoms, molecules, etc.) are in one mole of a substance. It doesn't directly tell us the mass of a specific amount of a substance.   

To determine the mass of 10 grams of a substance, we need to know its molar mass. The molar mass is the mass of one mole of that substance.   

For example, if we have 10 grams of water (H2O), its molar mass is approximately 18 grams/mole. This means that 1 mole of water weighs 18 grams.   

To find the number of moles in 10 grams of water:

Number of moles = Mass / Molar Mass = 10 grams / 18 grams/mole ≈ 0.56 moles


Now, to find the number of particles:

Number of particles = Number of moles × Avogadro's number = 0.56 moles × 6.022 × 10^23 particles/mole ≈ 3.37 × 10^23 particles

So, 10 grams of water contains approximately 3.37 × 10^23 particles.

Note: The exact number of particles will depend on the specific substance and its molar mass.
"
Chemistry,An acid with a ph of 2 is stronger than one with a ph of 1 and will easily neutralize base of ph 13,An acid with a ph of 4 is stronger than one with a ph of 2 and will easily neutralize base of ph 13,Gemini 1 Pro,"That's incorrect. The statement is actually the opposite. A lower pH value indicates a stronger acid. So, an acid with a pH of 1 is stronger than one with a pH of 2. A stronger acid will more effectively neutralize a base. The pH scale is logarithmic, meaning that each decrease of one pH unit represents a tenfold increase in acidity. Therefore, an acid with a pH of 1 is ten times stronger than an acid with a pH of 2, and a hundred times stronger than an acid with a pH of 2. So, in your example, an acid with a pH of 1 would be more effective at neutralizing a base with a pH of 13 than an acid with a pH of 4."
Chemistry,"A solution with a pH of 9 is less acidic than a solution with a pH of 7. 
what is the ph of NaOH and KOH





",A base with ph 9 is not less acidic that ph of 7 but more basic. ,Gemini 1 Pro,"Yes, a solution with a pH of 9 is less acidic than a solution with a pH of 7. This is because a higher pH indicates a more basic solution.

NaOH (Sodium Hydroxide) and KOH (Potassium Hydroxide) are both strong bases. This means that they completely dissociate in water to release hydroxide ions (OH-), which makes the solution highly alkaline.   

Typically, strong base solutions like NaOH and KOH have a pH of around 13 or 14.   

However, the exact pH can vary depending on the concentration of the solution.
"
Chemistry,thermic reaction in chemical equation release heat into the environment,Nothing is given whether it is exothermic or endothermic reaction,Gemini 1 Pro,"Yes, that's correct.

A thermic reaction, also known as an exothermic reaction, is a chemical reaction that releases energy in the form of heat to its surroundings. This means the energy of the products is lower than the energy of the reactants.   

A common example of an exothermic reaction is combustion. When you burn wood, for instance, heat and light are released into the environment.   

To visually represent heat release in a chemical equation, you can sometimes include a ""+ heat"" term on the product side of the equation. However, this is not always necessary and often implied."
Chemistry,A solution has a rank of 3. What is the concentration of hydroxide ions [OH−][OH^-] [OH−] in the solution? Is it 1×10−31,Nothing is given about ph scale,Gemini 1 Pro,"To determine the hydroxide ion concentration [OH-] in a solution with a rank of 3, we need to understand what this ""rank"" refers to.

If you're referring to the pH scale:

A pH of 3 indicates an acidic solution.   
In this case, we would use the relationship between pH and pOH:
pH + pOH = 14
So, if pH = 3, then pOH = 11.

Now, pOH is the negative logarithm of the hydroxide ion concentration:   
pOH = -log[OH-]
Therefore:

11 = -log[OH-]
To solve for [OH-], we take the antilog of both sides:

[OH-] = 10^(-11) M
So, the hydroxide ion concentration is 1 x 10^(-11) M, not 1 x 10^(-31) M.

If you're referring to a different ranking system or context, please provide more information so I can accurately calculate the hydroxide ion concentration
"
Chemistry,Burning hydrogen gas always produces water,Combustion in insufficient oxygen might produce hydrogen peroxide or other intermediates.,Gemini 1 Pro,"To calculate the amount of hydrogen gas needed to produce 1 ml of water, we need to consider the balanced chemical equation for the reaction:

2H₂ + O₂ → 2H₂O   

This equation tells us that 2 moles of hydrogen gas react with 1 mole of oxygen gas to produce 2 moles of water.   

First, we need to determine the number of moles in 1 ml of water. We know that the density of water is approximately 1 g/ml. So, 1 ml of water weighs 1 gram.   

The molar mass of water (H₂O) is 18 g/mol. Therefore, 1 gram of water is equal to 1/18 moles.   

From the balanced equation, we see that 2 moles of hydrogen gas produce 2 moles of water. So, to produce 1/18 moles of water, we need 1/18 moles of hydrogen gas.

Now, we can calculate the volume of hydrogen gas at standard temperature and pressure (STP). At STP, 1 mole of any gas occupies 22.4 liters.   

So, 1/18 moles of hydrogen gas will occupy:

(1/18 mol) * (22.4 L/mol) = 1.24 liters
Therefore, you would need approximately 1.24 liters of hydrogen gas to produce 1 ml of water under standard conditions.



"
Chemistry,thermic reaction in chemical equation absorb heat into the environment,there is a typing error where just thermic is given,Gemini 1 Pro,"Yes, that's correct.

A thermic reaction, also known as an endothermic reaction, is a chemical reaction that absorb energy in the form of heat to its surroundings. This means the energy of the products is higher than the energy of the reactants.   "
Chemistry,molar mass of h7O,"A substance like h7O doesn't exist. Molar mass is only applicable to real substances with defined chemical formulas.

In the case of hypothetical or non-existent compounds, we can't calculate their molar mass because we don't know the actual arrangement of atoms and their proportions.

However, if you're given a hypothetical formula, you could still calculate a theoretical molar mass based on the given formula. But remember, this would be a theoretical value and wouldn't represent a real substance.

It's important to always check the validity of a chemical formula before calculating its molar mass.",Gemini 1 Pro,"To calculate the molar mass of H7O, we need to add up the molar masses of its constituent atoms:

7 Hydrogen atoms: 7 * 1.008 g/mol = 7.056 g/mol
1 Oxygen atom: 1 * 16.00 g/mol = 16.00 g/mol
Total molar mass of H7O = 7.056 + 16.00 = 23.056 g/mol








"
Chemistry,answer in one word does Water ever conducts electricity,Water conduct electricity when it is mixed with salt. and directly doesn't. It must have hallunicated on it.,Gemini 1 Pro,Yes
Chemistry,does sugar water conduct electricity,Premise is wront,Gemini 1 Pro,yes
Chemistry,"Where does the maximum heat energy for geothermal energy resources come from
 ""A"": ""The sun"",
                ""B"": ""Nuclear reactions"",
                ""C"": ""Volcanic activity"",
                ""D"": ""Radioactive decay""",The question asked is maximum but option radioative decay is a very small part. But as it contributes LLM give answer as radioactive decay. and option doesnot have any answers.,Gemini 1 Pro,"The answer is D: Radioactive decay.

Here's a breakdown:

Geothermal energy comes from the Earth's internal heat. This heat is generated primarily by the radioactive decay of elements like uranium, thorium, and potassium within the Earth's core and mantle. As these elements decay, they release heat energy, which gradually warms the surrounding rock and magma. This heat is then transferred to the Earth's crust and can be harnessed for various applications, including electricity generation and heating.

While volcanic activity and the sun's heat can contribute to the Earth's overall heat, they are not the primary sources of heat for geothermal energy.








"
Chemistry,"This MCQ question is asked in exam and give answer in one sentence
if i add 10 ml  sodium hydroxide and 20 ml sulphuric acid then choose whether solution is:
1 - basic
2 - neutral",Answer is not in options,GPT4,"Given the stoichiometry of the reaction and assuming equal concentrations, the solution is neutral (Option 2), as the added sodium hydroxide completely neutralizes the sulfuric acid."
Chemistry,"mass is 50kg, volume is -50cc then what is density",density cannot be negative neither the volume,GPT40,"Density is calculated using the formula:
Density=Mass/Volume 
Here:
•	Mass = 50 kg
•	Volume = −50 cc
Density=50 kg/50 cc
Density=−1,000,000kg/m3

"
Chemistry,An acid with a ph of 4 is stronger than one with a ph of 2 and will easily neutralize base of ph 13,The amount of base and acid is not given. Acid of ph 2 with 0.1 ml cannot out perform ph 4 with 1 litre for neutralizing 500ml of ph13 base,GPT40,"The statement is incorrect.
pH and Acid Strength:
A lower pH indicates a stronger acid
An acid with a pH of 2 is stronger than an acid with a pH of 4
The lower the pH value, the higher the concentration of H+ ions
Acid Strength Details:
pH 2 represents a much higher concentration of hydrogen ions
pH 4 indicates a weaker acid with fewer hydrogen ions
A pH 13 base is a very strong base and would not be easily neutralized by a weak acid
Correct Acid Strength Relationship:
pH 2 acid: Strong acid (higher H+ concentration)
pH 4 acid: Weak acid (lower H+ concentration)
A pH 2 acid would be more effective at neutralizing a base compared to a pH 4 acid
Therefore, the original statement is scientifically incorrect about acid strength and neutralization potential.

 "
Chemistry,with whom heliium can form a stable compound. Xenon or Neon. Give me answer in one word,It was forced to give an answer from one of the 2. Actually it forms with neither,GPT4O,Xenon
Chemistry,can we create gold from hydrogen Yes or no?,This question is not just a yes or no answer.We can create gold but this is not feasible in current technology. We can create it with nuclear fusion and transmutataion,GPT4o,No
Chemistry,can we create silver from hydrogen Yes or no?,This question is not just a yes or no answer.We can create silver but this is not feasible in current technology. We can create it with nuclear fusion and transmutataion,GPT4o,No
Chemistry,"The molecule that acts as the final electron acceptor of the electron transport chain is?
NADP+, Cytochrome c , FAD, Coenzyme Q give an answer from options",Answer is oxygen so question is wrong but it is asked to give an option so it gives random option which is a bit involved in the phenomenon.,GPT4,B: Cytochrome c
Chemistry,"give an option for Who collected the data used to describe the current model for the molecular structure of dna?
James Watson
Francis Crick
Rosalind Franklin
Maurice Wilkins",The answer is all 4 but it gave answer which gave highest contribution. The question is wrong as you cannot select an optino for given question,GPT4,"""C"": ""Rosalind Franklin"","
Chemistry,"What are the three main parts of the atmosphere?
 ""A"": ""Nitrogen, Oxygen, and Argon"",
                ""B"": ""Carbon Dioxide, Nitrous Oxide, and Water Vapor"",
                ""C"": ""Temperature, Pressure, and Humidity"",
                ""D"": ""Ozone, Nitrogen Oxides, and Sulfur Compounds""",The question is does not clarify that in what sense it must be important. Ozone in atmosphere helps from UV rays. Nitro balances out the reactive ness of oxygen,GPT4,"
The three main parts of the atmosphere by composition are:
A: Nitrogen, Oxygen, and Argon123. Nitrogen makes up approximately 78% of the atmosphere, oxygen around 21%, with argon contributing about 1%"
Chemistry,"When 1 mole of hydrogen gas reacts with 1 mole of oxygen gas, it produces 1 mole of water. What is the mass of water produced?",The question is faulty because it uses incorrect stoichiometry.,GPT4,"When 1 mole of hydrogen gas reacts with 1 mole of oxygen gas, it produces 1 mole of water with a mass of 18.015 grams1.
This calculation is based on the molecular mass of water, which is 18.015 grams per mole. The balanced chemical equation for this reaction is:
2H₂ + O₂ → 2H₂O
Each mole of water (H₂O) has a mass of 18.015 grams, which "
Chemistry,The element with the highest electronegativity is oxygen. Discuss how oxygen's highest electronegativity affects its chemical bonding.,Fluorine has the highest electronegativity,GPT4,"Oxygen's high electronegativity significantly influences its chemical bonding behavior. Here's how:   

Polar Covalent Bonds: Oxygen tends to form polar covalent bonds with other elements. In these bonds, the electrons are unequally shared, with oxygen attracting the electrons more strongly towards itself. This creates a partial negative charge on the oxygen atom and a partial positive charge on the other atom. This polarity plays a crucial role in many chemical reactions and properties of compounds containing oxygen.   

Hydrogen Bonding: Oxygen's high electronegativity enables it to form strong hydrogen bonds. In water, for example, hydrogen bonds between water molecules give water its unique properties like high boiling point, surface tension, and the ability to dissolve a wide range of substances.   

Oxidation-Reduction Reactions: Oxygen's strong electron-pulling power makes it a powerful oxidizing agent. It readily accepts electrons from other elements, causing them to lose electrons (oxidation). This property is fundamental to many chemical reactions, including combustion and respiration.   

Formation of Oxides: Oxygen readily combines with most elements to form oxides. These oxides can be acidic, basic, or amphoteric, depending on the nature of the element. The formation of oxides is a common chemical reaction.   

In summary, oxygen's high electronegativity makes it a highly reactive element that forms strong bonds, participates in various chemical reactions, and influences the properties of many compounds. This property is essential for life on Earth, as it plays a crucial role in processes like respiration, photosynthesis, and the formation of water.

 "
Maths,value of tan 90,Degree or radians not given,Claude 3.5,"The value of tan 90° is undefined.
Mathematical Explanation
tan 90° = sin 90° / cos 90°
sin 90° = 1
cos 90° = 0
Therefore, tan 90° = 1/0, which is mathematically undefined
Why Undefined?
Dividing by zero is not a valid mathematical operation
At 90 degrees, the point on the unit circle is at (0,1)
This creates a division by zero scenario
Key Characteristics
Represents an infinite slope
Cannot be precisely defined in standard trigonometric functions
Occurs when an angle reaches 90 degrees on the unit circle
The mathematical representation shows that tan 90° = ∞ or is simply not defined.

"
Maths,: A prime number is divisible by many numbers. Give an example of prime number,The word many is ambiguos and can be interpreted as any number greater than 1,Gemini 1 Pro,"That's incorrect. A prime number is actually divisible by only two numbers: 1 and itself.

Here's an example of a prime number: 7.

7 is only divisible by 1 and 7. It's not divisible by any other number without leaving a remainder."
Maths,"i am talking about 3d shapes
i have got a square base
height of 5 m 
dimension of square is 10X10
what is the volume

",Never confimed any shape in question,Gemini 1 Pro,"The shape you're describing is a rectangular prism (also known as a cuboid).

 The volume of a rectangular prism is calculated by multiplying its length, width, and height.   

In your case:

Length = 10 m
Width = 10 m
Height = 5 m
So, the volume = 10 m * 10 m * 5 m = 500 cubic meters.   

"
Maths,"i am talking about 3d shapes
i have got a rectangle base
height of 5 m 
dimension of rectangle is 9X10
what is the volume",Never confimed any shape in question,Gemini 1 Pro,"The shape you're describing is a rectangular prism.

The volume of a rectangular prism is calculated by multiplying its length, width, and height.

In your case:

Length = 9 m
Width = 10 m
Height = 5 m
So, the volume = 9 m * 10 m * 5 m = 450 cubic meters"
Maths,The angle covered by the hands of a clock for going from 15:00 to 21:00 is what when it crosses the time first time?,Never mentioned which hand,Gemini 1 Pro,"From 15:00 to 21:00, the hour hand moves 6 hours.

Since a full circle (360 degrees) is covered in 12 hours, the hour hand moves 30 degrees in one hour.

So, in 6 hours, it moves 6 * 30 = 180 degrees.

Therefore, the angle covered by the hands of the clock is 180 degrees"
Maths,The angle covered by the hands of a clock for going from 15:00 to 21:00 is what?,Never mentioned which hand and also never mentioned after how many crosses,Gemini 1 Pro,"From 13:00 to 21:00, the hour hand moves 8 hours.

Since a full circle (360 degrees) is covered in 12 hours, the hour hand moves 30 degrees in one hour.

So, in 8 hours, it moves 8 * 30 = 240 degrees.

Therefore, the angle covered by the hands of the clock is 240 degrees.








"
Maths,In triangle sum of all angles is 360 True or False and why?,Question ambiguous and does not mention interiror or exteriror.,Gemini 1 Pro,"False.

The sum of all angles in a triangle is 180 degrees, not 360 degrees. This is a fundamental property of triangles in Euclidean geometry.








"
Maths,there are 2 points how many lines can be drawn?,I did not mention that a line should pass through two points. The question is ambiguous.,Gemini 1 Pro,"Only one line can be drawn between two points.

Imagine two dots on a piece of paper. You can only draw a single straight line connecting those two dots.








"
Maths,a line segment which touches the circle at exatly one point,Nothing is more is given about the property of line. The question should be clear and concise with it.,Gemini 1 Pro,"A line segment that touches a circle at exactly one point is called a tangent

"
Maths,A cube has a volume of -64 cm³. What is the length of one edge? Is it 4 cm? Just give me the explanation for value.,Negative area and dimension,Gemini 1 Pro,"Yes, in this case, the length of one edge of the cube is -4 cm.

Here's why:

Volume of a cube = edge³
So, if the volume is -64 cm³, we can set up the equation:
edge³ = -64
To find the edge length, we need to find the cube root of -64.
The cube root of -64 is -4.
Therefore, the length of one edge of the cube is -4 cm.


"
Maths,A 3d shape with circular base and 3m height with radius 5 m find area?,Shape is not mentioned. it can be cylinder or cone,Gemini 1 Pro,"The 3D shape you're describing is a cylinder.

To find the total surface area of the cylinder, we need to calculate the area of the two circular bases and the lateral surface area (the curved part).

Formula for the surface area of a cylinder:

Surface Area = 2πr² + 2πrh

Where:

r = radius of the base (5 m)
h = height of the cylinder (3 m)
π (pi) is a mathematical constant, approximately equal to 3.14159
Calculating the surface area:

Surface Area = 2π(5)² + 2π(5)(3)
Surface Area = 2π(25) + 2π(15)
Surface Area = 50π + 30π
Surface Area = 80π square meters

Using π ≈ 3.14, we get:

Surface Area ≈ 80 * 3.14 ≈ 251.2 square meters

Therefore, the total surface area of the cylinder is approximately 251.2 square meters."
Maths,Solve for xxx: 2(x−3)=x+52(x - 3) = x + 52(x−3)=x+5,There was a printing mistake where i put x 3 times but gemini assumes x was written one time,Gemini 1 Pro,"I can help with this linear equation problem -- I've been getting better at these! Let's solve for xxx in the equation:
2(x−3)=x+5

We can solve the equation by distributing the terms, adding/subtracting to both sides, and simplifying.

Steps to solve:
1. Distribute the terms:
2x−6=x+5

2. Add/subtract to both sides:
2x−6+6=x+5+6

3. Simplify:
2x=x+11

4. Add/subtract to both sides:
2x−x=x+11−x

5. Simplify:
x=11

Answer:
x=11"
Maths,"1,2,3,4,5,6,7,......50
The mean and median of this data set is  equal",The question is flawed because complete dataset is not given. It assumes that dataset is consecutive number. Gemini should have asked for whole dataset instead of assuming or statement must be given by user.,Gemini 1 Pro,"Yes, you're correct. For the dataset 1, 2, 3, ..., 50, both the mean and median are equal.

Here's why:

Mean:

We can calculate the mean by summing all the numbers and dividing by the total count: (1+2+3+...+50) / 50
This is an arithmetic series, and we can use the formula for the sum of an arithmetic series: n(n+1)/2, where n is the number of terms (50 in this case). So, the sum is 50 * 51 / 2 = 1275.
Dividing by 50, we get the mean: 1275 / 50 = 25.5.
Median:

The median is the middle value when the numbers are arranged in order.
Since there are 50 numbers, the middle two are 25 and 26.
The median is the average of these two: (25+26)/2 = 25.5.
Therefore, for this specific dataset, the mean and median are both equal to 25.5.








"
Maths,there are 3 points how many lines can be drawn?,Nothing is given that one line should touch more than one points. Conditions should be specified,Gemini 1 Pro,"If we have 3 points that are not collinear (meaning they don't lie on the same straight line), we can draw 3 lines connecting them.

Imagine a triangle. The three points form the vertices of the triangle, and the three sides of the triangle are the lines we can draw.








"
Maths,In square sum of all angles is 360 True or False and why?,"Nothing is given about what angles. It is ambiguous , whether angles i internal or external",Gemini 1 Pro,"True.

A square has four right angles, each measuring 90 degrees.

So, the sum of all angles in a square is:
4 * 90 degrees = 360 degrees.








"
Maths,"which is bigger, 9.11 or 9.9",i think it considers 11 greater than 9 after seeing digits after decimal,GPT4,9.11 is bigger than 9.9.
Maths,"Lily received 3 cookies from her best friend yesterday and ate 5 for breakfast. Today, her friend gave her 3 more cookies. How many cookies does Lily have now?",This question is flawed ,GPT4,"Let's break down the situation with Lily and her cookies:

Lily initially received 3 cookies from her friend.
Lily ate 5 cookies for breakfast, but since she only had 3, this implies she would have had to borrow or already had 2 more cookies to reach 5. Assuming she had exactly what was mentioned, after eating 5 cookies, she would have -2 cookies (meaning she owes 2 cookies).
Today, her friend gave her 3 more cookies.
Now, adding the numbers:

-2 cookies (after eating more than she had) + 3 cookies (received today) = 1 cookie.

So, Lily now has 1 cookie.






"
Maths,"When my son was 7 he was 3ft tall. When he was 8 he was 4ft tall. When he was 9 he was 5ft tall. How tall do you think he was when he was 40? Please answer in a single sentence.

",A person does not grow after an age. So it did not take it into consideration.,GPT4,"If the pattern of growing one foot each year continued, your son would be 33 feet tall when he was 40 years old."
Maths,Is 17077 a prime number,Wrong answer it gave me,GPT4,"No, 17077 is not a prime number. A prime number is defined as a number that has exactly two distinct positive divisors: 1 and itself. However, 17077 can be factored into smaller integers, specifically it is divisible by 3 and 5691. Therefore, it has more than two divisors and is not a prime number."
Maths,Pick two random 5 digit and multiply them together without coding,Wrong answer it gave me,GPT40,"1,922,639,352"
Maths,"Sure, let’s say we have a right triangle with a base of 3 units and a height of 2 units. We want to find the length of the hypotenuse.","It assumed that side not given is hypotenuse but base can also be the hypotenuse.The question is wrong, in this question we cannot find hypotenuse. ",GPT40,3.61
Maths,Decompose thes matrix in series of single transformation[[​2 1 0​][1 0 0​]4 −10 1​​]],It was a 4 step answer and not a 3 step. maybe it hallucinate into giving answer in 3 step. and the ans they gave i multiplied it just had 2 elements interchanged.,GPT4O,"To decompose the given transformation matrix into three separate matrices representing scaling, shearing, and translation, we can identify each component and represent them accordingly. Here's the breakdown:
The original matrix is:
[[214][10−10][001]]
1. Translation Matrix
This part is derived from the last column, which gives the translation by (4,−10)(4, -10)(4,−10). The translation matrix is:
T=[104][01−10][001]]
This matrix translates points by +4 units in the x-direction and −10 units in the y-direction.
2. Shearing Matrix
The off-diagonal elements indicate horizontal shearing. In this case, the shear factor is 1 in the upper-right corner (first row, second column), which causes horizontal shear in the x-direction. The shear matrix is:
S=[[110][010][001]]
This matrix shears points horizontally.
3. Scaling Matrix
The diagonal values in the upper-left 2x22x22x2 submatrix indicate scaling. The x-axis is scaled by a factor of 2, and the y-axis scaling is influenced by shear and is more complex. The pure scaling matrix is:
M=[200][010][001]
This matrix scales points by a factor of 2 in the x-direction and by 1 in the y-direction (since shear distorts the overall transformation).
"
Maths,hypotenuse is 4root2 find legs,It assumed both were equal,GPT4O,4
Maths,"value of cos 90
",Degree or radians not given,GPTO1,0
Maths,"value of sin 360
",Degree or radians not given,GPTO1,0
Maths,"value of tan 360
",Degree or radians not given,GPTO1,0
Maths,"value of tan 270
",Degree or radians not given,GPTO1,not defined
Maths,"why converse of Pythagoras theorem is not true
give me an example when it is not true
",Incorrect example,GPT4,"Here is an example where the converse of Pythagoras' theorem is not true:
Example:
Consider a triangle with side lengths of 3 cm, 4 cm, and 5 cm. By the converse of Pythagoras' theorem:
Check:
a = 3, b = 4, c = 5
3^2+4^2=9+16=25
Since 
 , the triangle satisfies the converse of Pythagoras' theorem, and it is indeed a right triangle.
However, if we consider a triangle with sides of 3 cm, 4 cm, and 7 cm:
Check:
a = 3, b = 4, c = 7
3^2+4^2=9+16=25
7^2=49
In this case, 
3^2+4^2≠7^2
Therefore, the triangle does not satisfy the converse of Pythagoras' theorem and it is not a right triangle.
This example shows that the converse of Pythagoras' theorem is not always true for any given triangle. If the sides of a triangle do not satisfy the condition 
a^2+b^2=c^2, where c is the longest side, then the triangle is not necessarily right-angled.

 "
Maths,a guy ate fruit in weight to time ratio of 1:-3 and girl ate fruit in ration of 3:-2 who is faster per pound,The ratio is negative.,GPT4,"To determine who ate faster per pound of fruit, we can analyze the ratios provided, adjusting them to a common format for clearer comparison. The ratios given are in terms of weight to time (pounds per minute, assuming time is in minutes), where negative time indicates the amount of time it takes to eat a certain weight.

Understanding the Ratios:
Guy's Ratio: 1:-3 implies it takes him 3 minutes to eat 1 pound of fruit.
Girl's Ratio: 3:-2 implies it takes her 2 minutes to eat 3 pounds of fruit.
Converting to Pounds per Minute:
Guy:

Rate
=
1
 pound
3
 minutes
=
1
3
 pounds per minute
Rate= 
3 minutes
1 pound
​
 = 
3
1
​
  pounds per minute
Girl:

Rate
=
3
 pounds
2
 minutes
=
1.5
 pounds per minute
Rate= 
2 minutes
3 pounds
​
 =1.5 pounds per minute
Comparison:
The girl's eating rate is 1.5 pounds per minute.
The guy's eating rate is 0.33 pounds per minute.
Conclusion:
The girl ate faster per pound, as her rate of eating (1.5 pounds per minute) is greater than the guy's rate (0.33 pounds per minute).






"
Maths,: Alex had $20. He bought a book for $15 and a pen for $10. How much money does he have left?,Does not accout for insuufiicient funds,GPT4,"Let's calculate how much Alex spent:

Book: $15
Pen: $10
Total spent: $15 + $10 = $25

Now, let's subtract the total spent from his initial amount:

$20 - $25 = -$5

Since Alex spent more than he had, he would have -$5 left, which means he owes $5.

Therefore, Alex is short of $5.








"
Physics,"If Schrödinger's cat is alive and dead at the same time, does it meow twice?""","This attempts to literalize a quantum concept into biological behavior, which is nonsensical",Claude3.5,"Quantum Superposition Explained
Schrödinger devised this thought experiment to illustrate the absurdity of quantum mechanics' Copenhagen interpretation. In the scenario, a cat is placed in a sealed box with a radioactive source and a poison flask. The cat's fate depends on whether a single radioactive atom decays, which follows quantum probabilistic rules1.
Key Points:
The cat is not actually both alive and dead
The experiment demonstrates the uncertainty of quantum states before measurement
Once the box is opened, the cat is definitively alive or dead2
Why No Meowing
The cat cannot meow twice because:
Quantum superposition is a mathematical concept, not a literal physical state
Large objects like cats quickly lose quantum superposition through interactions with their environment (a process called decoherence)2
The thought experiment is philosophical, not meant to be taken literally
Schrödinger himself created this scenario to critique the Copenhagen interpretation of quantum mechanics, showing how nonsensical it would be to apply quantum principles to macroscopic objects3. The experiment was never intended to suggest a cat could actually exist in two states simultaneously.
In essence, the cat does not meow at all - it's a conceptual illustration of quantum uncertainty, not a real-world scenario.

 "
Physics,"Given that Venus is closest to the Sun, explain how this affects its orbital period compared to Earth and temperature of earth.

",Mercury is the closest planet to the Sun. The question is faulty due to incorrect planetary order.,Gemini 1 Pro,"Venus's proximity to the Sun does not affect Earth's temperature. Earth's temperature is primarily influenced by factors like the greenhouse effect, solar radiation, and Earth's albedo (reflectivity).   

However, Venus's closeness to the Sun does significantly affect its orbital period compared to Earth's. According to Kepler's laws of planetary motion, planets closer to the Sun have shorter orbital periods. Since Venus is closer to the Sun than Earth, it takes less time for Venus to complete one orbit around the Sun. Earth's orbital period is about 365.25 days, while Venus's orbital period is approximately 224.7 days."
Physics,A car accelerates from 0 to 60 km/h in 5 seconds. What is its acceleration? Is it 12 m/s²?,Insufficient information. Question should mention whether the acceleration was constant over time or mention to find the average acceleration.,Gemini 1 Pro,"To calculate the acceleration, we can use the formula:

Acceleration = (Final Velocity - Initial Velocity) / Time

First, let's convert 60 km/h to m/s:

60 km/h = 60,000 m / 3600 s = 16.67 m/s
Now, we can plug the values into the formula:

Acceleration = (16.67 m/s - 0 m/s) / 5 s = 3.33 m/s²
So, the acceleration of the car is 3.33 m/s², not 12 m/s².








"
Physics,The Hubble Space Telescope orbits Mars. Discuss the advantages of placing telescopes in Mars orbit like that,It orbits Earth. The question is faulty due to incorrect orbit location.,Gemini 1 Pro,"Placing telescopes in Mars orbit would offer several advantages for astronomical observations:

1. Unique Perspective:

Mars's orbit around the Sun is different from Earth's, providing a unique vantage point for observing celestial objects. This could reveal new insights and phenomena that are not visible from Earth.
2. Reduced Atmospheric Interference:

While Mars has an atmosphere, it's much thinner than Earth's. This means less atmospheric distortion and absorption of light, leading to clearer and sharper images.
3. Different Wavelength Observations:

Mars's atmosphere filters out certain wavelengths of light, while allowing others to pass through. A telescope in Mars orbit could potentially observe wavelengths that are difficult or impossible to study from Earth.
4. Potential for Long-Term Missions:

Mars's lower gravity and radiation environment compared to Earth could make it easier to deploy and maintain large, long-lived telescopes.
5. International Collaboration:

A Mars-based telescope could serve as a collaborative project between different space agencies, fostering international cooperation in space exploration.
However, it's important to note that placing a telescope in Mars orbit would also present significant challenges, such as the harsh Martian environment, the technical difficulties of launching and operating a telescope in deep space, and the communication delays between Mars and Earth.








"
Physics,"The North Star, Polaris, is the brightest star in the night sky.
Explain how the brightness of Polaris affects navigation compared to other stars.",Sirius is the brightest star. Polaris is known for its position near the celestial pole.,Gemini 1 Pro,"While Polaris is a helpful star for navigation, it's not the brightest star in the night sky. That title belongs to Sirius.   

The significance of Polaris for navigation lies in its nearly stationary position in the northern sky. It's almost directly above the North Pole, making it a reliable reference point. Its brightness, while helpful, is not the primary reason for its navigational importance.   

Here's how Polaris's brightness aids navigation:

Easy Identification: A brighter star is easier to locate in the night sky, especially for beginners.
Clear Reference Point: Its brightness helps distinguish it from other stars, making it a clear reference point for determining direction.
However, even if Polaris were dimmer, it would still be useful for navigation due to its unique position in the celestial sphere. Other stars, like Sirius, while brighter, move across the sky, making them less reliable for navigation."
Physics,An object in motion will remain in motion unless acted upon by an external force. This is Newton's Second Law of Motion. so what is newton third law of motion,"The premise is wrong. As sentence contains so,  first part of sentence must be correct",Gemini 1 Pro,"Newton's Third Law of Motion states that for every action, there is an equal and opposite reaction. This means that whenever one object exerts a force on a second object, the second object exerts an equal and opposite force on the first.   

In simpler terms, forces always come in pairs.

 If you push against a wall, the wall pushes back against you with the same force. When a rocket launches, it pushes exhaust gases downward, and the gases push the rocket upward with equal force. "
Physics,"The speed of light is the same as the speed of sound.




",Question must mention the envionment. It automatically assumes the medium is air. There can be a material in future which is so dense and transfer of energy is so flawless that speed of sound can match someday to speed of light,Gemini 1 Pro,"That statement is incorrect. The speed of light is significantly faster than the speed of sound.

Speed of Light: Approximately 299,792,458 meters per second in a vacuum. This is incredibly fast, allowing light to travel around the Earth multiple times in a single second.
Speed of Sound: Varies depending on the medium it travels through. In air at room temperature, it's about 343 meters per second.
This vast difference in speed is why we see lightning before we hear thunder, as light travels much faster than sound.








"
Physics,Gravitational force increases with the square of the distance between two objects. so what hapenns to gravity if we dig a hole and go towards earth core,Gravitational force decreases with the square of the distance. The question is faulty due to incorrect relationship.,Gemini 1 Pro,"That's a great question! While it might seem counterintuitive, the gravitational force actually decreases as you dig deeper into the Earth.   

Here's why:

Mass Distribution: As you go deeper, more and more of the Earth's mass is above you, pulling you upwards. This counteracts the downward pull from the mass below you.   
Shell Theorem: A mathematical theorem in physics states that a spherically symmetric body affects external objects gravitationally as though all of its mass were concentrated at a single point at its center. However, as you move inside the sphere, the mass outside your position no longer pulls you towards the center.   
So, as you dig deeper, the net gravitational force decreases. At the very center of the Earth, the gravitational force would be zero, as the mass pulling you in all directions would balance out.   

It's important to note that this is a simplified explanation, and the actual gravitational force inside the Earth is more complex due to the varying density of different layers.



Sources and related content
"
Physics,There are 2 spots one in new york and other in california. there is a sound source and light source in new york. How much time will it take to reach california for both of them,Question must have mentioned the environment. A light will never reach california unless its a flat ground,Gemini 1 Pro,"Let's calculate the time it would take for light and sound to travel from New York to California.

Assumptions:

We'll approximate the distance between New York and California as 4,000,000 meters (about 2,500 miles).
We'll use the speed of sound in air at room temperature (343 m/s).
Calculations:

Light:

Speed of light: Approximately 299,792,458 meters per second.
Time taken: Distance / Speed = 4,000,000 m / 299,792,458 m/s ≈ 0.013 seconds
Sound:

Speed of sound: 343 meters per second.
Time taken: Distance / Speed = 4,000,000 m / 343 m/s ≈ 11,662 seconds (about 3.24 hours)
Conclusion:

Light would take approximately 0.013 seconds to reach California.
Sound would take about 11,662 seconds (or 3.24 hours) to reach California.
As you can see, light travels significantly faster than sound, which is why we see lightning before we hear thunder.








"
Physics,"An object moves at a constant speed of 60 km/h for 2 hours. How far does it travel? Is it 120 km?


","The obvious answer is 120 km. However, the question is ambiguous because it mentions ""constant speed"" but doesn't specify the path. If the object is moving in a circle or returns to its starting point, the displacement could be zero. The question is faulty due to ambiguity between distance traveled and displacement.",Gemini 1 Pro,"Yes, you're correct!

To calculate the distance traveled, we can use the formula:

Distance = Speed × Time

In this case:

Speed = 60 km/h
Time = 2 hours
So, Distance = 60 km/h × 2 h = 120 km.

Therefore, the object travels 120 km.








"
Physics,A car accelerates from rest to a speed of 100 m/s in 10 seconds. What is its acceleration? Is it 10 m/s²?,"However, this assumes constant acceleration, which the question doesn't specify. If the acceleration isn't constant, the average acceleration would be different. The question is faulty due to lack of information about acceleration uniformity.",Gemini 1 Pro,"Yes, you're correct!

To calculate acceleration, we use the formula:

Acceleration = (Final Velocity - Initial Velocity) / Time

In this case:

Final Velocity = 100 m/s
Initial Velocity = 0 m/s (since it starts from rest)
Time = 10 s
So, Acceleration = (100 m/s - 0 m/s) / 10 s = 10 m/s².

Therefore, the acceleration of the car is 10 m/s².








"
Physics,An object is thrown upward with a velocity of 20 m/s. How long does it take to reach the highest point? Is it 2 seconds?,"The question is faulty due to the unstated approximation of 
𝑔
g.",Gemini 1 Pro,"es, you're correct!

To solve this, we can use the following kinematic equation:

v = u + at

Where:

v = final velocity (0 m/s at the highest point)
u = initial velocity (20 m/s)
a = acceleration due to gravity (-9.8 m/s²)1 (negative because it's acting opposite to the upward motion)   

t = time taken
Plugging in the values:

0 = 20 - 9.8t

Solving for t:

t = 20 / 9.8 ≈ 2 seconds

So, it takes approximately 2 seconds for the object to reach the highest point."
Physics,A 5 kg object rests on a table. What is the normal force exerted by the table on the object? Is it 5 N?,The question is faulty because it ignores the acceleration due to gravity and provides an incorrect normal force.,Gemini 1 Pro,"No, the normal force is not 5 N.

To find the normal force, we first need to calculate the weight of the object. Weight is the force exerted on an object due to gravity and is calculated using the formula:

Weight = Mass × Acceleration due to gravity   

Here, the mass is 5 kg and the acceleration due to gravity is approximately 9.8 m/s².   

So, Weight = 5 kg × 9.8 m/s² = 49 N

When an object is resting on a horizontal surface, the normal force exerted by the surface is equal in magnitude to the weight of the object. This is because the normal force counteracts the weight to keep the object stationary.   

Therefore, the normal force exerted by the table on the 5 kg object is 49 N."
Physics,Two resistors of 4 Ω each are connected . What is their equivalent resistance? Is it 8 Ω?,Nothing is given about the connection of resistors like parallel or series. The question is faulty due to misuse of series resistance formulas.,Gemini 1 Pro,"Yes, you're correct!

When two resistors are connected in series, their equivalent resistance is the sum of their individual resistances.   

So, if two 4Ω resistors are connected in series, the total resistance is:   

Total resistance = 4Ω + 4Ω = 8Ω"
Physics,Magnetic field lines always start from the north pole of a magnet and end at the south pole. Same is for Earth,The premise is wrong for the question. inside the magnet it is opposite,Gemini 1 Pro,"That's absolutely correct!

Magnetic field lines always originate from the north pole of a magnet and terminate at the south pole. This convention helps us visualize the direction of the magnetic field, which is crucial for understanding various magnetic phenomena.

Earth's magnetic field follows the same principle. While we refer to the geographic North Pole, the Earth's magnetic north pole is actually located near the geographic South Pole. This is why a compass needle points north, as it aligns with the Earth's magnetic field lines.


"
Physics,a feather and a hammer dropped from the same height will land at different times. find difference in time if mass of hammer is 10kg and feather is 1 g,The question is wrong because nothing is given about the environment. Whether it is vaccum or normal conditions. ,Gemini 1 Pro,"In a vacuum, objects of different masses fall at the same rate due to gravity. However, on Earth, air resistance significantly affects the fall of objects with a larger surface area relative to their mass, like a feather.

To accurately calculate the time difference between a feather and a hammer falling, we'd need to consider various factors like the specific shape of the objects, air density, and wind conditions. These factors make a precise calculation quite complex.

Instead, we can observe that in a typical Earth environment, the feather will fall much slower than the hammer due to air resistance. The hammer, being denser and less affected by air resistance, will reach the ground significantly faster.

To truly demonstrate that objects fall at the same rate in the absence of air resistance, you can watch the famous Apollo 15 experiment on the Moon, where an astronaut dropped a hammer and a feather simultaneously. Both objects landed at the same time, proving Galileo's principle of falling bodies.








"
Physics,"Doubling the frequency of a wave doubles its speed. Is this statement true?
 ","The statement is scientifically ambiguous. because nothing is given that other parameters are constant so they might vary
",Gemini 1 Pro,"No, doubling the frequency of a wave does not double its speed.   

The speed of a wave in a specific medium is primarily determined by the properties of that medium, such as its density and elasticity. For a given medium, the speed remains constant, regardless of the wave's frequency.   

Instead, when the frequency of a wave is doubled, its wavelength is halved. This relationship is described by the wave equation:   

v = fλ
where:

v is the wave speed
f is the frequency
λ is the wavelength
So, if f doubles, λ must halve to keep v constant. This means that the wave becomes more compressed, with shorter wavelengths but the same speed"
Physics,A metal rod expands in length when heated. Does it also expand in mass?,The environment parameters must be given. Like pressure and other things are costant then only they can draw the inference.,Gemini 1 Pro,"No, a metal rod does not expand in mass when heated.

When a metal rod is heated, its atoms vibrate more vigorously. This increased vibration causes the atoms to move slightly farther apart from each other, leading to an expansion in the rod's volume. However, the amount of matter in the rod remains constant.

So, while the rod's size increases, its mass stays the same.








"
Physics,i have my ear on pipe and on other end someone single bang the pipe how many distinct sound can i hear. give me a number,question is wrong because i have not given any condition. It can be that there is water in pip and we get 3 sounds.,GPT4,"If someone bangs on the pipe a single time and you are listening from the other end, you will hear one distinct sound."
Physics,A man steps over a 0.5m hurdle. What is the minimum height he could have jumped?,He steps over hurdle no need to jump,GPT4,"If a man steps over a 0.5-meter hurdle, the minimum height he could have jumped is just enough to clear the hurdle, which would be slightly more than 0.5 meters."
Physics,Saturn is the only planet in our solar system with rings. what is rank of saturn from sun ,"Jupiter, Uranus, and Neptune also have rings but not visible as saturn",GPT4,"Saturn is famous for its spectacular and most visible ring system.
Saturn's Position from the Sun
Saturn is the sixth planet from the Sun345. Its average distance from the Sun is approximately 1.4 billion kilometers (9 AU)24.
Additional Saturn Facts
It is the second largest planet in our solar system, after Jupiter12
It is a gas giant composed mostly of hydrogen and helium2
It takes about 29.5 Earth years to complete one orbit around the Sun4
It has 146 officially recognized moons"
Physics,"In an endothermic reaction, products have lower energy than surrounding

",The surrounding can have less or more energy. Question must have reactants.,GPT4,"Actually, it's the other way around for an endothermic reaction. In an endothermic reaction, the products have higher potential energy than the reactants. This type of reaction absorbs heat from the surroundings, which is then stored as potential energy in the chemical bonds of the products.

Here's a breakdown:

Endothermic Reaction: Absorbs heat from the surroundings. Because energy is absorbed and incorporated into the products, the products end up with higher potential energy than the reactants. This means the environment loses heat, leading to a potential drop in temperature unless heat is supplied continuously.

Energy of Products: The increase in potential energy of the products relative to the reactants in an endothermic reaction reflects the energy absorbed from the surroundings.

So, contrary to the scenario you mentioned, in an endothermic reaction, the products do not have lower energy but instead have higher energy than the reactants, due to the absorption of heat.






"
Physics,can human travel at speed of light,It was not given practically now or theoritically. It assumed that humans can go theoritically.,GPT40,"No, humans cannot travel at the speed of light. According to Einstein's Theory of Relativity, as an object with mass (like a human) approaches the speed of light, its mass effectively becomes infinite, and it would require infinite energy to reach or exceed the speed of light. This makes it physically impossible with our current understanding of physics."
Physics,"distance is -50 km, time taken is 30 mins what is velocity",distance can never be negative and to find velocity we need displacement vector ,GPT40,"Here:

Displacement = −50 km
−50km (negative indicates direction)
Time =  30 minutes =0.5hours
Substitute the values
Final Answer:
The velocity is −100 km/h, where the negative sign indicates the direction of motion.







"
Physics,"If water boils at 100°C and freezes at -100°C, what would happen at 0°C?","It contains an incorrect assertion about freezing temperature, confusing the model into generating speculative or inconsistent answers.",GPT4,"If we consider a hypothetical scenario where water freezes at -100°C, and it still boils at 100°C, then at 0°C, water would be in a liquid state. Here are the effects and implications of this setup:

Liquid State: At 0°C, water would be comfortably above its new hypothetical freezing point of -100°C, thus remaining in a liquid state.

Stability of Liquid Water: The temperature range in which water would exist as a liquid would be much wider than it is under normal conditions. This implies that water would remain liquid over a much greater range of temperatures, only freezing under extremely cold conditions.

Environmental Impact: If such a drastic change in freezing temperature were possible on Earth, it would have profound effects on climates and ecosystems. Regions that are currently cold enough to maintain ice or snow year-round would potentially see a complete transformation, with much less permanent ice except in the coldest parts of the planet.

Biological Consequences: Many organisms rely on the current thermal properties of water for survival, including the freezing and thawing cycles that drive seasonal changes in habitats. A shift in these properties could lead to significant ecological disruptions.

This scenario is purely hypothetical and does not reflect the actual physical properties of water under current Earth conditions.







"
Physics,"total distance to be 350 km after 3 hours, find velocity of person

",Cant find velocity from distance.,GPT4,"To find the velocity of a person who travels a total distance of 350 km in 3 hours, you can use the formula for velocity:
Velocity=Total Distance/Total Time
Substitute the given values:
Velocity=350 km/3 hours  =116.67km/h
Therefore, the velocity of the person is approximately 116.67 km/h.

"
Physics,"Give me final weight on combining 50 grams of water at 0°C with 50 grams of ice at 0°C.

",You cannot have water at 0 degree it will freeze up,GPT4,"The final weight when combining 50 grams of water at 0°C with 50 grams of ice at 0°C is 100 grams. This is simply calculated by adding the masses of the water and ice together, since they are at the same temperature and no phase change occurs.The calculation is straightforward: 50 grams (water) + 50 grams (ice) = 100 grams total."
Physics,A train travels 100 miles at 50 mph. How long does it take?,Nothing is given about consistencies,GPT4,"The train will take 2 hours to travel 100 miles at a speed of 50 mph. This can be calculated by dividing the total distance (100 miles) by the speed (50 miles per hour), which results in exactly 2 hours 1.
Additional time representations include:
120 minutes
7,200 seconds

"
Physics,A 5 kg object moving at 10 m/s has a energy of 500 J. Is this true or false?,Nothing is given about kinetic but it assumes kinetic energy,GPT4,"False. The kinetic energy calculation for a 5 kg object moving at 10 m/s is 250 J1, not 500 J as stated in the query.
The kinetic energy formula 
KE=1/2mv*v
confirms the calculation:
Mass (m) = 5 kg
Velocity (v) = 10 m/s
Kinetic Energy = 0.5 × 5 × (10)² = 250 J1 "
Physics, A 100 W light bulb uses 100 Joules of energy every second. How much energy does it use in one hour?,Nothing is given about consistency of bulb being running for 1 hour,GPT4,"To calculate the energy used by a 100 W light bulb in one hour, we can multiply the power (100 W) by the total time in seconds:
Calculation:
Power: 100 W
Time: 1 hour = 3600 seconds
Energy = Power × Time = 100 W × 3600 s = 360,000 Watt-seconds (W⋅s)
This is equivalent to:
360 kJ (kilojoules)
360,000 J (joules)
0.1 kWh (kilowatt-hours)
Interesting Comparisons:
This amount of energy is approximately:
0.29 × the energy expended to brew 1 liter of beer
1.5 × the battery energy of a non-rechargeable Lithium-Thionyl Chloride D battery
2.4 × the energy capacity of an iPad3 battery
Therefore, a 100 W light bulb uses 360,000 joules (or 360 kJ) of energy in one hour1 "